{"scoring":null,"notes":"In the first example a=[1,2,3,4]\r\n\r\nClearly,\r\n\r\n1 & 2 = 0\r\n\r\n1 & 3 = 1\r\n\r\n1 & 4 = 0\r\n\r\n2 & 3 = 2\r\n\r\n2 & 4 = 0\r\n\r\n3 & 4 = 0\r\n\r\nHence, the maximum and is between 2 and 3 and it is 2.","legend":"Your friend was given an array a of integers. He loves to perform bitwise operations, particularly and operation. He chooses any two integers b and c from the array and takes their bitwise and (&).He wants to choose any two numbers so that the bitwise and is maximized. The algorithm he writes is unoptimized. You need to write an efficient algorithm for him to calculate the maximum bitwise and.","authorLogin":"mahirj23","language":"english","timeLimit":2000,"output":"For each testcase output an integer between 1 to 1000000000 denoting the maximum possible and(&) between any two numbers provided.","inputFile":"stdin","outputFile":"stdout","input":"An integer t (1<=t<=1000) corresponding to the number of testcases shall be given.\r\nFor each testcase an integer n(1<=n<=2000) denoting the number of numbers shall be provided.The numbers shall lie between 1 to 1000000000.","authorName":"Mahir Jain","sampleTests":[{"output":"2\r\n","input":"1\r\n3\r\n1\r\n2\r\n3\r\n4\r\n","inputFile":"example.01","outputFile":"example.01.a"}],"name":"AND MAXIMIZATION","interaction":null,"memoryLimit":268435456,"tutorial":""}